baseURL: https://download.bbbike.org/osm/bbbike
formats:
  osm.gz:
    ext: osm.gz
    loc: .osm.gz
  osm.pbf:
    ext: osm.pbf
    loc: .osm.pbf
  poly:
    ext: poly
    loc: .poly
  shp.zip:
    ext: shp.zip
    loc: .osm.shp.zip
elements:
  Aachen:
    id: Aachen
    file: Aachen/Aachen
    name: Aachen
    files:
    - osm.pbf
    - osm.gz
    - shp.zip
  Aarhus:
    id: Aarhus
    file: Aarhus/Aarhus
    name: Aarhus
    files:
    - osm.pbf
    - osm.gz
    - shp.zip
  Adelaide:
    id: Adelaide
    file: Adelaide/Adelaide
    name: Adelaide
    files:
    - osm.pbf
    - osm.gz
    - shp.zip
  Albuquerque:
    id: Albuquerque
    file: Albuquerque/Albuquerque
    name: Albuquerque
    files:
    - osm.pbf
    - osm.gz
    - shp.zip
  Alexandria:
    id: Alexandria
    file: Alexandria/Alexandria
    name: Alexandria
    files:
    - osm.pbf
    - osm.gz
    - shp.zip
  Amsterdam:
    id: Amsterdam
    file: Amsterdam/Amsterdam
    name: Amsterdam
    files:
    - osm.pbf
    - osm.gz
    - shp.zip
  Antwerpen:
    id: Antwerpen
    file: Antwerpen/Antwerpen
    name: Antwerpen
    files:
    - osm.pbf
    - osm.gz
    - shp.zip
  Arnhem:
    id: Arnhem
    file: Arnhem/Arnhem
    name: Arnhem
    files:
    - osm.pbf
    - osm.gz
    - shp.zip
  Auckland:
    id: Auckland
    file: Auckland/Auckland
    name: Auckland
    files:
    - osm.pbf
    - osm.gz
    - shp.zip
  Augsburg:
    id: Augsburg
    file: Augsburg/Augsburg
    name: Augsburg
    files:
    - osm.pbf
    - osm.gz
    - shp.zip
  Austin:
    id: Austin
    file: Austin/Austin
    name: Austin
    files:
    - osm.pbf
    - osm.gz
    - shp.zip
  Baghdad:
    id: Baghdad
    file: Baghdad/Baghdad
    name: Baghdad
    files:
    - osm.pbf
    - osm.gz
    - shp.zip
  Baku:
    id: Baku
    file: Baku/Baku
    name: Baku
    files:
    - osm.pbf
    - osm.gz
    - shp.zip
  Balaton:
    id: Balaton
    file: Balaton/Balaton
    name: Balaton
    files:
    - osm.pbf
    - osm.gz
    - shp.zip
  Bamberg:
    id: Bamberg
    file: Bamberg/Bamberg
    name: Bamberg
    files:
    - osm.pbf
    - osm.gz
    - shp.zip
  Bangkok:
    id: Bangkok
    file: Bangkok/Bangkok
    name: Bangkok
    files:
    - osm.pbf
    - osm.gz
    - shp.zip
  Barcelona:
    id: Barcelona
    file: Barcelona/Barcelona
    name: Barcelona
    files:
    - osm.pbf
    - osm.gz
    - shp.zip
  Basel:
    id: Basel
    file: Basel/Basel
    name: Basel
    files:
    - osm.pbf
    - osm.gz
    - shp.zip
  Beijing:
    id: Beijing
    file: Beijing/Beijing
    name: Beijing
    files:
    - osm.pbf
    - osm.gz
    - shp.zip
  Beirut:
    id: Beirut
    file: Beirut/Beirut
    name: Beirut
    files:
    - osm.pbf
    - osm.gz
    - shp.zip
  Berkeley:
    id: Berkeley
    file: Berkeley/Berkeley
    name: Berkeley
    files:
    - osm.pbf
    - osm.gz
    - shp.zip
  Berlin:
    id: Berlin
    file: Berlin/Berlin
    name: Berlin
    files:
    - osm.pbf
    - osm.gz
    - shp.zip
  Bern:
    id: Bern
    file: Bern/Bern
    name: Bern
    files:
    - osm.pbf
    - osm.gz
    - shp.zip
  Bielefeld:
    id: Bielefeld
    file: Bielefeld/Bielefeld
    name: Bielefeld
    files:
    - osm.pbf
    - osm.gz
    - shp.zip
  Birmingham:
    id: Birmingham
    file: Birmingham/Birmingham
    name: Birmingham
    files:
    - osm.pbf
    - osm.gz
    - shp.zip
  Bochum:
    id: Bochum
    file: Bochum/Bochum
    name: Bochum
    files:
    - osm.pbf
    - osm.gz
    - shp.zip
  Bogota:
    id: Bogota
    file: Bogota/Bogota
    name: Bogota
    files:
    - osm.pbf
    - osm.gz
    - shp.zip
  Bombay:
    id: Bombay
    file: Bombay/Bombay
    name: Bombay
    files:
    - osm.pbf
    - osm.gz
    - shp.zip
  Bonn:
    id: Bonn
    file: Bonn/Bonn
    name: Bonn
    files:
    - osm.pbf
    - osm.gz
    - shp.zip
  Bordeaux:
    id: Bordeaux
    file: Bordeaux/Bordeaux
    name: Bordeaux
    files:
    - osm.pbf
    - osm.gz
    - shp.zip
  Boulder:
    id: Boulder
    file: Boulder/Boulder
    name: Boulder
    files:
    - osm.pbf
    - osm.gz
    - shp.zip
  BrandenburgHavel:
    id: BrandenburgHavel
    file: BrandenburgHavel/BrandenburgHavel
    name: BrandenburgHavel
    files:
    - osm.pbf
    - osm.gz
    - shp.zip
  Braunschweig:
    id: Braunschweig
    file: Braunschweig/Braunschweig
    name: Braunschweig
    files:
    - osm.pbf
    - osm.gz
    - shp.zip
  Bremen:
    id: Bremen
    file: Bremen/Bremen
    name: Bremen
    files:
    - osm.pbf
    - osm.gz
    - shp.zip
  Bremerhaven:
    id: Bremerhaven
    file: Bremerhaven/Bremerhaven
    name: Bremerhaven
    files:
    - osm.pbf
    - osm.gz
    - shp.zip
  Brisbane:
    id: Brisbane
    file: Brisbane/Brisbane
    name: Brisbane
    files:
    - osm.pbf
    - osm.gz
    - shp.zip
  Bristol:
    id: Bristol
    file: Bristol/Bristol
    name: Bristol
    files:
    - osm.pbf
    - osm.gz
    - shp.zip
  Brno:
    id: Brno
    file: Brno/Brno
    name: Brno
    files:
    - osm.pbf
    - osm.gz
    - shp.zip
  Bruegge:
    id: Bruegge
    file: Bruegge/Bruegge
    name: Bruegge
    files:
    - osm.pbf
    - osm.gz
    - shp.zip
  Bruessel:
    id: Bruessel
    file: Bruessel/Bruessel
    name: Bruessel
    files:
    - osm.pbf
    - osm.gz
    - shp.zip
  Budapest:
    id: Budapest
    file: Budapest/Budapest
    name: Budapest
    files:
    - osm.pbf
    - osm.gz
    - shp.zip
  BuenosAires:
    id: BuenosAires
    file: BuenosAires/BuenosAires
    name: BuenosAires
    files:
    - osm.pbf
    - osm.gz
    - shp.zip
  Cairo:
    id: Cairo
    file: Cairo/Cairo
    name: Cairo
    files:
    - osm.pbf
    - osm.gz
    - shp.zip
  Calgary:
    id: Calgary
    file: Calgary/Calgary
    name: Calgary
    files:
    - osm.pbf
    - osm.gz
    - shp.zip
  Cambridge:
    id: Cambridge
    file: Cambridge/Cambridge
    name: Cambridge
    files:
    - osm.pbf
    - osm.gz
    - shp.zip
  CambridgeMa:
    id: CambridgeMa
    file: CambridgeMa/CambridgeMa
    name: CambridgeMa
    files:
    - osm.pbf
    - osm.gz
    - shp.zip
  Canberra:
    id: Canberra
    file: Canberra/Canberra
    name: Canberra
    files:
    - osm.pbf
    - osm.gz
    - shp.zip
  CapeTown:
    id: CapeTown
    file: CapeTown/CapeTown
    name: CapeTown
    files:
    - osm.pbf
    - osm.gz
    - shp.zip
  Chemnitz:
    id: Chemnitz
    file: Chemnitz/Chemnitz
    name: Chemnitz
    files:
    - osm.pbf
    - osm.gz
    - shp.zip
  Chicago:
    id: Chicago
    file: Chicago/Chicago
    name: Chicago
    files:
    - osm.pbf
    - osm.gz
    - shp.zip
  ClermontFerrand:
    id: ClermontFerrand
    file: ClermontFerrand/ClermontFerrand
    name: ClermontFerrand
    files:
    - osm.pbf
    - osm.gz
    - shp.zip
  Colmar:
    id: Colmar
    file: Colmar/Colmar
    name: Colmar
    files:
    - osm.pbf
    - osm.gz
    - shp.zip
  Copenhagen:
    id: Copenhagen
    file: Copenhagen/Copenhagen
    name: Copenhagen
    files:
    - osm.pbf
    - osm.gz
    - shp.zip
  Cork:
    id: Cork
    file: Cork/Cork
    name: Cork
    files:
    - osm.pbf
    - osm.gz
    - shp.zip
  Corsica:
    id: Corsica
    file: Corsica/Corsica
    name: Corsica
    files:
    - osm.pbf
    - osm.gz
    - shp.zip
  Corvallis:
    id: Corvallis
    file: Corvallis/Corvallis
    name: Corvallis
    files:
    - osm.pbf
    - osm.gz
    - shp.zip
  Cottbus:
    id: Cottbus
    file: Cottbus/Cottbus
    name: Cottbus
    files:
    - osm.pbf
    - osm.gz
    - shp.zip
  Cracow:
    id: Cracow
    file: Cracow/Cracow
    name: Cracow
    files:
    - osm.pbf
    - osm.gz
    - shp.zip
  CraterLake:
    id: CraterLake
    file: CraterLake/CraterLake
    name: CraterLake
    files:
    - osm.pbf
    - osm.gz
    - shp.zip
  Curitiba:
    id: Curitiba
    file: Curitiba/Curitiba
    name: Curitiba
    files:
    - osm.pbf
    - osm.gz
    - shp.zip
  Cusco:
    id: Cusco
    file: Cusco/Cusco
    name: Cusco
    files:
    - osm.pbf
    - osm.gz
    - shp.zip
  Dallas:
    id: Dallas
    file: Dallas/Dallas
    name: Dallas
    files:
    - osm.pbf
    - osm.gz
    - shp.zip
  Darmstadt:
    id: Darmstadt
    file: Darmstadt/Darmstadt
    name: Darmstadt
    files:
    - osm.pbf
    - osm.gz
    - shp.zip
  Davis:
    id: Davis
    file: Davis/Davis
    name: Davis
    files:
    - osm.pbf
    - osm.gz
    - shp.zip
  DenHaag:
    id: DenHaag
    file: DenHaag/DenHaag
    name: DenHaag
    files:
    - osm.pbf
    - osm.gz
    - shp.zip
  Denver:
    id: Denver
    file: Denver/Denver
    name: Denver
    files:
    - osm.pbf
    - osm.gz
    - shp.zip
  Dessau:
    id: Dessau
    file: Dessau/Dessau
    name: Dessau
    files:
    - osm.pbf
    - osm.gz
    - shp.zip
  Dortmund:
    id: Dortmund
    file: Dortmund/Dortmund
    name: Dortmund
    files:
    - osm.pbf
    - osm.gz
    - shp.zip
  Dresden:
    id: Dresden
    file: Dresden/Dresden
    name: Dresden
    files:
    - osm.pbf
    - osm.gz
    - shp.zip
  Dublin:
    id: Dublin
    file: Dublin/Dublin
    name: Dublin
    files:
    - osm.pbf
    - osm.gz
    - shp.zip
  Duesseldorf:
    id: Duesseldorf
    file: Duesseldorf/Duesseldorf
    name: Duesseldorf
    files:
    - osm.pbf
    - osm.gz
    - shp.zip
  Duisburg:
    id: Duisburg
    file: Duisburg/Duisburg
    name: Duisburg
    files:
    - osm.pbf
    - osm.gz
    - shp.zip
  Edinburgh:
    id: Edinburgh
    file: Edinburgh/Edinburgh
    name: Edinburgh
    files:
    - osm.pbf
    - osm.gz
    - shp.zip
  Eindhoven:
    id: Eindhoven
    file: Eindhoven/Eindhoven
    name: Eindhoven
    files:
    - osm.pbf
    - osm.gz
    - shp.zip
  Emden:
    id: Emden
    file: Emden/Emden
    name: Emden
    files:
    - osm.pbf
    - osm.gz
    - shp.zip
  Erfurt:
    id: Erfurt
    file: Erfurt/Erfurt
    name: Erfurt
    files:
    - osm.pbf
    - osm.gz
    - shp.zip
  Erlangen:
    id: Erlangen
    file: Erlangen/Erlangen
    name: Erlangen
    files:
    - osm.pbf
    - osm.gz
    - shp.zip
  Eugene:
    id: Eugene
    file: Eugene/Eugene
    name: Eugene
    files:
    - osm.pbf
    - osm.gz
    - shp.zip
  Flensburg:
    id: Flensburg
    file: Flensburg/Flensburg
    name: Flensburg
    files:
    - osm.pbf
    - osm.gz
    - shp.zip
  FortCollins:
    id: FortCollins
    file: FortCollins/FortCollins
    name: FortCollins
    files:
    - osm.pbf
    - osm.gz
    - shp.zip
  Frankfurt:
    id: Frankfurt
    file: Frankfurt/Frankfurt
    name: Frankfurt
    files:
    - osm.pbf
    - osm.gz
    - shp.zip
  FrankfurtOder:
    id: FrankfurtOder
    file: FrankfurtOder/FrankfurtOder
    name: FrankfurtOder
    files:
    - osm.pbf
    - osm.gz
    - shp.zip
  Freiburg:
    id: Freiburg
    file: Freiburg/Freiburg
    name: Freiburg
    files:
    - osm.pbf
    - osm.gz
    - shp.zip
  Gdansk:
    id: Gdansk
    file: Gdansk/Gdansk
    name: Gdansk
    files:
    - osm.pbf
    - osm.gz
    - shp.zip
  Genf:
    id: Genf
    file: Genf/Genf
    name: Genf
    files:
    - osm.pbf
    - osm.gz
    - shp.zip
  Gent:
    id: Gent
    file: Gent/Gent
    name: Gent
    files:
    - osm.pbf
    - osm.gz
    - shp.zip
  Gera:
    id: Gera
    file: Gera/Gera
    name: Gera
    files:
    - osm.pbf
    - osm.gz
    - shp.zip
  Glasgow:
    id: Glasgow
    file: Glasgow/Glasgow
    name: Glasgow
    files:
    - osm.pbf
    - osm.gz
    - shp.zip
  Gliwice:
    id: Gliwice
    file: Gliwice/Gliwice
    name: Gliwice
    files:
    - osm.pbf
    - osm.gz
    - shp.zip
  Goerlitz:
    id: Goerlitz
    file: Goerlitz/Goerlitz
    name: Goerlitz
    files:
    - osm.pbf
    - osm.gz
    - shp.zip
  Goeteborg:
    id: Goeteborg
    file: Goeteborg/Goeteborg
    name: Goeteborg
    files:
    - osm.pbf
    - osm.gz
    - shp.zip
  Goettingen:
    id: Goettingen
    file: Goettingen/Goettingen
    name: Goettingen
    files:
    - osm.pbf
    - osm.gz
    - shp.zip
  Graz:
    id: Graz
    file: Graz/Graz
    name: Graz
    files:
    - osm.pbf
    - osm.gz
    - shp.zip
  Groningen:
    id: Groningen
    file: Groningen/Groningen
    name: Groningen
    files:
    - osm.pbf
    - osm.gz
    - shp.zip
  Halifax:
    id: Halifax
    file: Halifax/Halifax
    name: Halifax
    files:
    - osm.pbf
    - osm.gz
    - shp.zip
  Halle:
    id: Halle
    file: Halle/Halle
    name: Halle
    files:
    - osm.pbf
    - osm.gz
    - shp.zip
  Hamburg:
    id: Hamburg
    file: Hamburg/Hamburg
    name: Hamburg
    files:
    - osm.pbf
    - osm.gz
    - shp.zip
  Hamm:
    id: Hamm
    file: Hamm/Hamm
    name: Hamm
    files:
    - osm.pbf
    - osm.gz
    - shp.zip
  Hannover:
    id: Hannover
    file: Hannover/Hannover
    name: Hannover
    files:
    - osm.pbf
    - osm.gz
    - shp.zip
  Heilbronn:
    id: Heilbronn
    file: Heilbronn/Heilbronn
    name: Heilbronn
    files:
    - osm.pbf
    - osm.gz
    - shp.zip
  Helsinki:
    id: Helsinki
    file: Helsinki/Helsinki
    name: Helsinki
    files:
    - osm.pbf
    - osm.gz
    - shp.zip
  Hertogenbosch:
    id: Hertogenbosch
    file: Hertogenbosch/Hertogenbosch
    name: Hertogenbosch
    files:
    - osm.pbf
    - osm.gz
    - shp.zip
  Huntsville:
    id: Huntsville
    file: Huntsville/Huntsville
    name: Huntsville
    files:
    - osm.pbf
    - osm.gz
    - shp.zip
  Innsbruck:
    id: Innsbruck
    file: Innsbruck/Innsbruck
    name: Innsbruck
    files:
    - osm.pbf
    - osm.gz
    - shp.zip
  Istanbul:
    id: Istanbul
    file: Istanbul/Istanbul
    name: Istanbul
    files:
    - osm.pbf
    - osm.gz
    - shp.zip
  Jena:
    id: Jena
    file: Jena/Jena
    name: Jena
    files:
    - osm.pbf
    - osm.gz
    - shp.zip
  Jerusalem:
    id: Jerusalem
    file: Jerusalem/Jerusalem
    name: Jerusalem
    files:
    - osm.pbf
    - osm.gz
    - shp.zip
  Johannesburg:
    id: Johannesburg
    file: Johannesburg/Johannesburg
    name: Johannesburg
    files:
    - osm.pbf
    - osm.gz
    - shp.zip
  Kaiserslautern:
    id: Kaiserslautern
    file: Kaiserslautern/Kaiserslautern
    name: Kaiserslautern
    files:
    - osm.pbf
    - osm.gz
    - shp.zip
  Karlsruhe:
    id: Karlsruhe
    file: Karlsruhe/Karlsruhe
    name: Karlsruhe
    files:
    - osm.pbf
    - osm.gz
    - shp.zip
  Kassel:
    id: Kassel
    file: Kassel/Kassel
    name: Kassel
    files:
    - osm.pbf
    - osm.gz
    - shp.zip
  Katowice:
    id: Katowice
    file: Katowice/Katowice
    name: Katowice
    files:
    - osm.pbf
    - osm.gz
    - shp.zip
  Kaunas:
    id: Kaunas
    file: Kaunas/Kaunas
    name: Kaunas
    files:
    - osm.pbf
    - osm.gz
    - shp.zip
  Kiel:
    id: Kiel
    file: Kiel/Kiel
    name: Kiel
    files:
    - osm.pbf
    - osm.gz
    - shp.zip
  Kiew:
    id: Kiew
    file: Kiew/Kiew
    name: Kiew
    files:
    - osm.pbf
    - osm.gz
    - shp.zip
  Koblenz:
    id: Koblenz
    file: Koblenz/Koblenz
    name: Koblenz
    files:
    - osm.pbf
    - osm.gz
    - shp.zip
  Koeln:
    id: Koeln
    file: Koeln/Koeln
    name: Koeln
    files:
    - osm.pbf
    - osm.gz
    - shp.zip
  Konstanz:
    id: Konstanz
    file: Konstanz/Konstanz
    name: Konstanz
    files:
    - osm.pbf
    - osm.gz
    - shp.zip
  LaPaz:
    id: LaPaz
    file: LaPaz/LaPaz
    name: LaPaz
    files:
    - osm.pbf
    - osm.gz
    - shp.zip
  LaPlata:
    id: LaPlata
    file: LaPlata/LaPlata
    name: LaPlata
    files:
    - osm.pbf
    - osm.gz
    - shp.zip
  LakeGarda:
    id: LakeGarda
    file: LakeGarda/LakeGarda
    name: LakeGarda
    files:
    - osm.pbf
    - osm.gz
    - shp.zip
  Lausanne:
    id: Lausanne
    file: Lausanne/Lausanne
    name: Lausanne
    files:
    - osm.pbf
    - osm.gz
    - shp.zip
  Leeds:
    id: Leeds
    file: Leeds/Leeds
    name: Leeds
    files:
    - osm.pbf
    - osm.gz
    - shp.zip
  Leipzig:
    id: Leipzig
    file: Leipzig/Leipzig
    name: Leipzig
    files:
    - osm.pbf
    - osm.gz
    - shp.zip
  Lima:
    id: Lima
    file: Lima/Lima
    name: Lima
    files:
    - osm.pbf
    - osm.gz
    - shp.zip
  Linz:
    id: Linz
    file: Linz/Linz
    name: Linz
    files:
    - osm.pbf
    - osm.gz
    - shp.zip
  Lisbon:
    id: Lisbon
    file: Lisbon/Lisbon
    name: Lisbon
    files:
    - osm.pbf
    - osm.gz
    - shp.zip
  Liverpool:
    id: Liverpool
    file: Liverpool/Liverpool
    name: Liverpool
    files:
    - osm.pbf
    - osm.gz
    - shp.zip
  Ljubljana:
    id: Ljubljana
    file: Ljubljana/Ljubljana
    name: Ljubljana
    files:
    - osm.pbf
    - osm.gz
    - shp.zip
  Lodz:
    id: Lodz
    file: Lodz/Lodz
    name: Lodz
    files:
    - osm.pbf
    - osm.gz
    - shp.zip
  London:
    id: London
    file: London/London
    name: London
    files:
    - osm.pbf
    - osm.gz
    - shp.zip
  Luebeck:
    id: Luebeck
    file: Luebeck/Luebeck
    name: Luebeck
    files:
    - osm.pbf
    - osm.gz
    - shp.zip
  Luxemburg:
    id: Luxemburg
    file: Luxemburg/Luxemburg
    name: Luxemburg
    files:
    - osm.pbf
    - osm.gz
    - shp.zip
  Lyon:
    id: Lyon
    file: Lyon/Lyon
    name: Lyon
    files:
    - osm.pbf
    - osm.gz
    - shp.zip
  Maastricht:
    id: Maastricht
    file: Maastricht/Maastricht
    name: Maastricht
    files:
    - osm.pbf
    - osm.gz
    - shp.zip
  Madison:
    id: Madison
    file: Madison/Madison
    name: Madison
    files:
    - osm.pbf
    - osm.gz
    - shp.zip
  Madrid:
    id: Madrid
    file: Madrid/Madrid
    name: Madrid
    files:
    - osm.pbf
    - osm.gz
    - shp.zip
  Magdeburg:
    id: Magdeburg
    file: Magdeburg/Magdeburg
    name: Magdeburg
    files:
    - osm.pbf
    - osm.gz
    - shp.zip
  Mainz:
    id: Mainz
    file: Mainz/Mainz
    name: Mainz
    files:
    - osm.pbf
    - osm.gz
    - shp.zip
  Malmoe:
    id: Malmoe
    file: Malmoe/Malmoe
    name: Malmoe
    files:
    - osm.pbf
    - osm.gz
    - shp.zip
  Manchester:
    id: Manchester
    file: Manchester/Manchester
    name: Manchester
    files:
    - osm.pbf
    - osm.gz
    - shp.zip
  Mannheim:
    id: Mannheim
    file: Mannheim/Mannheim
    name: Mannheim
    files:
    - osm.pbf
    - osm.gz
    - shp.zip
  Marseille:
    id: Marseille
    file: Marseille/Marseille
    name: Marseille
    files:
    - osm.pbf
    - osm.gz
    - shp.zip
  Melbourne:
    id: Melbourne
    file: Melbourne/Melbourne
    name: Melbourne
    files:
    - osm.pbf
    - osm.gz
    - shp.zip
  Memphis:
    id: Memphis
    file: Memphis/Memphis
    name: Memphis
    files:
    - osm.pbf
    - osm.gz
    - shp.zip
  MexicoCity:
    id: MexicoCity
    file: MexicoCity/MexicoCity
    name: MexicoCity
    files:
    - osm.pbf
    - osm.gz
    - shp.zip
  Miami:
    id: Miami
    file: Miami/Miami
    name: Miami
    files:
    - osm.pbf
    - osm.gz
    - shp.zip
  Minsk:
    id: Minsk
    file: Minsk/Minsk
    name: Minsk
    files:
    - osm.pbf
    - osm.gz
    - shp.zip
  Moenchengladbach:
    id: Moenchengladbach
    file: Moenchengladbach/Moenchengladbach
    name: Moenchengladbach
    files:
    - osm.pbf
    - osm.gz
    - shp.zip
  Montevideo:
    id: Montevideo
    file: Montevideo/Montevideo
    name: Montevideo
    files:
    - osm.pbf
    - osm.gz
    - shp.zip
  Montpellier:
    id: Montpellier
    file: Montpellier/Montpellier
    name: Montpellier
    files:
    - osm.pbf
    - osm.gz
    - shp.zip
  Montreal:
    id: Montreal
    file: Montreal/Montreal
    name: Montreal
    files:
    - osm.pbf
    - osm.gz
    - shp.zip
  Moscow:
    id: Moscow
    file: Moscow/Moscow
    name: Moscow
    files:
    - osm.pbf
    - osm.gz
    - shp.zip
  Muenchen:
    id: Muenchen
    file: Muenchen/Muenchen
    name: Muenchen
    files:
    - osm.pbf
    - osm.gz
    - shp.zip
  Muenster:
    id: Muenster
    file: Muenster/Muenster
    name: Muenster
    files:
    - osm.pbf
    - osm.gz
    - shp.zip
  NewDelhi:
    id: NewDelhi
    file: NewDelhi/NewDelhi
    name: NewDelhi
    files:
    - osm.pbf
    - osm.gz
    - shp.zip
  NewOrleans:
    id: NewOrleans
    file: NewOrleans/NewOrleans
    name: NewOrleans
    files:
    - osm.pbf
    - osm.gz
    - shp.zip
  NewYork:
    id: NewYork
    file: NewYork/NewYork
    name: NewYork
    files:
    - osm.pbf
    - osm.gz
    - shp.zip
  Nuernberg:
    id: Nuernberg
    file: Nuernberg/Nuernberg
    name: Nuernberg
    files:
    - osm.pbf
    - osm.gz
    - shp.zip
  Oldenburg:
    id: Oldenburg
    file: Oldenburg/Oldenburg
    name: Oldenburg
    files:
    - osm.pbf
    - osm.gz
    - shp.zip
  Oranienburg:
    id: Oranienburg
    file: Oranienburg/Oranienburg
    name: Oranienburg
    files:
    - osm.pbf
    - osm.gz
    - shp.zip
  Orlando:
    id: Orlando
    file: Orlando/Orlando
    name: Orlando
    files:
    - osm.pbf
    - osm.gz
    - shp.zip
  Oslo:
    id: Oslo
    file: Oslo/Oslo
    name: Oslo
    files:
    - osm.pbf
    - osm.gz
    - shp.zip
  Osnabrueck:
    id: Osnabrueck
    file: Osnabrueck/Osnabrueck
    name: Osnabrueck
    files:
    - osm.pbf
    - osm.gz
    - shp.zip
  Ostrava:
    id: Ostrava
    file: Ostrava/Ostrava
    name: Ostrava
    files:
    - osm.pbf
    - osm.gz
    - shp.zip
  Ottawa:
    id: Ottawa
    file: Ottawa/Ottawa
    name: Ottawa
    files:
    - osm.pbf
    - osm.gz
    - shp.zip
  Paderborn:
    id: Paderborn
    file: Paderborn/Paderborn
    name: Paderborn
    files:
    - osm.pbf
    - osm.gz
    - shp.zip
  Palma:
    id: Palma
    file: Palma/Palma
    name: Palma
    files:
    - osm.pbf
    - osm.gz
    - shp.zip
  PaloAlto:
    id: PaloAlto
    file: PaloAlto/PaloAlto
    name: PaloAlto
    files:
    - osm.pbf
    - osm.gz
    - shp.zip
  Paris:
    id: Paris
    file: Paris/Paris
    name: Paris
    files:
    - osm.pbf
    - osm.gz
    - shp.zip
  Perth:
    id: Perth
    file: Perth/Perth
    name: Perth
    files:
    - osm.pbf
    - osm.gz
    - shp.zip
  Philadelphia:
    id: Philadelphia
    file: Philadelphia/Philadelphia
    name: Philadelphia
    files:
    - osm.pbf
    - osm.gz
    - shp.zip
  PhnomPenh:
    id: PhnomPenh
    file: PhnomPenh/PhnomPenh
    name: PhnomPenh
    files:
    - osm.pbf
    - osm.gz
    - shp.zip
  Portland:
    id: Portland
    file: Portland/Portland
    name: Portland
    files:
    - osm.pbf
    - osm.gz
    - shp.zip
  PortlandME:
    id: PortlandME
    file: PortlandME/PortlandME
    name: PortlandME
    files:
    - osm.pbf
    - osm.gz
    - shp.zip
  Porto:
    id: Porto
    file: Porto/Porto
    name: Porto
    files:
    - osm.pbf
    - osm.gz
    - shp.zip
  PortoAlegre:
    id: PortoAlegre
    file: PortoAlegre/PortoAlegre
    name: PortoAlegre
    files:
    - osm.pbf
    - osm.gz
    - shp.zip
  Potsdam:
    id: Potsdam
    file: Potsdam/Potsdam
    name: Potsdam
    files:
    - osm.pbf
    - osm.gz
    - shp.zip
  Poznan:
    id: Poznan
    file: Poznan/Poznan
    name: Poznan
    files:
    - osm.pbf
    - osm.gz
    - shp.zip
  Prag:
    id: Prag
    file: Prag/Prag
    name: Prag
    files:
    - osm.pbf
    - osm.gz
    - shp.zip
  Providence:
    id: Providence
    file: Providence/Providence
    name: Providence
    files:
    - osm.pbf
    - osm.gz
    - shp.zip
  Regensburg:
    id: Regensburg
    file: Regensburg/Regensburg
    name: Regensburg
    files:
    - osm.pbf
    - osm.gz
    - shp.zip
  Riga:
    id: Riga
    file: Riga/Riga
    name: Riga
    files:
    - osm.pbf
    - osm.gz
    - shp.zip
  RiodeJaneiro:
    id: RiodeJaneiro
    file: RiodeJaneiro/RiodeJaneiro
    name: RiodeJaneiro
    files:
    - osm.pbf
    - osm.gz
    - shp.zip
  Rostock:
    id: Rostock
    file: Rostock/Rostock
    name: Rostock
    files:
    - osm.pbf
    - osm.gz
    - shp.zip
  Rotterdam:
    id: Rotterdam
    file: Rotterdam/Rotterdam
    name: Rotterdam
    files:
    - osm.pbf
    - osm.gz
    - shp.zip
  Ruegen:
    id: Ruegen
    file: Ruegen/Ruegen
    name: Ruegen
    files:
    - osm.pbf
    - osm.gz
    - shp.zip
  Saarbruecken:
    id: Saarbruecken
    file: Saarbruecken/Saarbruecken
    name: Saarbruecken
    files:
    - osm.pbf
    - osm.gz
    - shp.zip
  Sacramento:
    id: Sacramento
    file: Sacramento/Sacramento
    name: Sacramento
    files:
    - osm.pbf
    - osm.gz
    - shp.zip
  Saigon:
    id: Saigon
    file: Saigon/Saigon
    name: Saigon
    files:
    - osm.pbf
    - osm.gz
    - shp.zip
  Salzburg:
    id: Salzburg
    file: Salzburg/Salzburg
    name: Salzburg
    files:
    - osm.pbf
    - osm.gz
    - shp.zip
  SanFrancisco:
    id: SanFrancisco
    file: SanFrancisco/SanFrancisco
    name: SanFrancisco
    files:
    - osm.pbf
    - osm.gz
    - shp.zip
  SanJose:
    id: SanJose
    file: SanJose/SanJose
    name: SanJose
    files:
    - osm.pbf
    - osm.gz
    - shp.zip
  SanktPetersburg:
    id: SanktPetersburg
    file: SanktPetersburg/SanktPetersburg
    name: SanktPetersburg
    files:
    - osm.pbf
    - osm.gz
    - shp.zip
  SantaBarbara:
    id: SantaBarbara
    file: SantaBarbara/SantaBarbara
    name: SantaBarbara
    files:
    - osm.pbf
    - osm.gz
    - shp.zip
  SantaCruz:
    id: SantaCruz
    file: SantaCruz/SantaCruz
    name: SantaCruz
    files:
    - osm.pbf
    - osm.gz
    - shp.zip
  Santiago:
    id: Santiago
    file: Santiago/Santiago
    name: Santiago
    files:
    - osm.pbf
    - osm.gz
    - shp.zip
  Sarajewo:
    id: Sarajewo
    file: Sarajewo/Sarajewo
    name: Sarajewo
    files:
    - osm.pbf
    - osm.gz
    - shp.zip
  Schwerin:
    id: Schwerin
    file: Schwerin/Schwerin
    name: Schwerin
    files:
    - osm.pbf
    - osm.gz
    - shp.zip
  Seattle:
    id: Seattle
    file: Seattle/Seattle
    name: Seattle
    files:
    - osm.pbf
    - osm.gz
    - shp.zip
  Seoul:
    id: Seoul
    file: Seoul/Seoul
    name: Seoul
    files:
    - osm.pbf
    - osm.gz
    - shp.zip
  Sheffield:
    id: Sheffield
    file: Sheffield/Sheffield
    name: Sheffield
    files:
    - osm.pbf
    - osm.gz
    - shp.zip
  Singapore:
    id: Singapore
    file: Singapore/Singapore
    name: Singapore
    files:
    - osm.pbf
    - osm.gz
    - shp.zip
  Sofia:
    id: Sofia
    file: Sofia/Sofia
    name: Sofia
    files:
    - osm.pbf
    - osm.gz
    - shp.zip
  Stockholm:
    id: Stockholm
    file: Stockholm/Stockholm
    name: Stockholm
    files:
    - osm.pbf
    - osm.gz
    - shp.zip
  Stockton:
    id: Stockton
    file: Stockton/Stockton
    name: Stockton
    files:
    - osm.pbf
    - osm.gz
    - shp.zip
  Strassburg:
    id: Strassburg
    file: Strassburg/Strassburg
    name: Strassburg
    files:
    - osm.pbf
    - osm.gz
    - shp.zip
  Stuttgart:
    id: Stuttgart
    file: Stuttgart/Stuttgart
    name: Stuttgart
    files:
    - osm.pbf
    - osm.gz
    - shp.zip
  Sucre:
    id: Sucre
    file: Sucre/Sucre
    name: Sucre
    files:
    - osm.pbf
    - osm.gz
    - shp.zip
  Sydney:
    id: Sydney
    file: Sydney/Sydney
    name: Sydney
    files:
    - osm.pbf
    - osm.gz
    - shp.zip
  Szczecin:
    id: Szczecin
    file: Szczecin/Szczecin
    name: Szczecin
    files:
    - osm.pbf
    - osm.gz
    - shp.zip
  Tallinn:
    id: Tallinn
    file: Tallinn/Tallinn
    name: Tallinn
    files:
    - osm.pbf
    - osm.gz
    - shp.zip
  Tehran:
    id: Tehran
    file: Tehran/Tehran
    name: Tehran
    files:
    - osm.pbf
    - osm.gz
    - shp.zip
  Tilburg:
    id: Tilburg
    file: Tilburg/Tilburg
    name: Tilburg
    files:
    - osm.pbf
    - osm.gz
    - shp.zip
  Tokyo:
    id: Tokyo
    file: Tokyo/Tokyo
    name: Tokyo
    files:
    - osm.pbf
    - osm.gz
    - shp.zip
  Toronto:
    id: Toronto
    file: Toronto/Toronto
    name: Toronto
    files:
    - osm.pbf
    - osm.gz
    - shp.zip
  Toulouse:
    id: Toulouse
    file: Toulouse/Toulouse
    name: Toulouse
    files:
    - osm.pbf
    - osm.gz
    - shp.zip
  Trondheim:
    id: Trondheim
    file: Trondheim/Trondheim
    name: Trondheim
    files:
    - osm.pbf
    - osm.gz
    - shp.zip
  Tucson:
    id: Tucson
    file: Tucson/Tucson
    name: Tucson
    files:
    - osm.pbf
    - osm.gz
    - shp.zip
  Turin:
    id: Turin
    file: Turin/Turin
    name: Turin
    files:
    - osm.pbf
    - osm.gz
    - shp.zip
  UlanBator:
    id: UlanBator
    file: UlanBator/UlanBator
    name: UlanBator
    files:
    - osm.pbf
    - osm.gz
    - shp.zip
  Ulm:
    id: Ulm
    file: Ulm/Ulm
    name: Ulm
    files:
    - osm.pbf
    - osm.gz
    - shp.zip
  Usedom:
    id: Usedom
    file: Usedom/Usedom
    name: Usedom
    files:
    - osm.pbf
    - osm.gz
    - shp.zip
  Utrecht:
    id: Utrecht
    file: Utrecht/Utrecht
    name: Utrecht
    files:
    - osm.pbf
    - osm.gz
    - shp.zip
  Vancouver:
    id: Vancouver
    file: Vancouver/Vancouver
    name: Vancouver
    files:
    - osm.pbf
    - osm.gz
    - shp.zip
  Victoria:
    id: Victoria
    file: Victoria/Victoria
    name: Victoria
    files:
    - osm.pbf
    - osm.gz
    - shp.zip
  WarenMueritz:
    id: WarenMueritz
    file: WarenMueritz/WarenMueritz
    name: WarenMueritz
    files:
    - osm.pbf
    - osm.gz
    - shp.zip
  Warsaw:
    id: Warsaw
    file: Warsaw/Warsaw
    name: Warsaw
    files:
    - osm.pbf
    - osm.gz
    - shp.zip
  WashingtonDC:
    id: WashingtonDC
    file: WashingtonDC/WashingtonDC
    name: WashingtonDC
    files:
    - osm.pbf
    - osm.gz
    - shp.zip
  Waterloo:
    id: Waterloo
    file: Waterloo/Waterloo
    name: Waterloo
    files:
    - osm.pbf
    - osm.gz
    - shp.zip
  Wien:
    id: Wien
    file: Wien/Wien
    name: Wien
    files:
    - osm.pbf
    - osm.gz
    - shp.zip
  Wroclaw:
    id: Wroclaw
    file: Wroclaw/Wroclaw
    name: Wroclaw
    files:
    - osm.pbf
    - osm.gz
    - shp.zip
  Wuerzburg:
    id: Wuerzburg
    file: Wuerzburg/Wuerzburg
    name: Wuerzburg
    files:
    - osm.pbf
    - osm.gz
    - shp.zip
  Wuppertal:
    id: Wuppertal
    file: Wuppertal/Wuppertal
    name: Wuppertal
    files:
    - osm.pbf
    - osm.gz
    - shp.zip
  Zagreb:
    id: Zagreb
    file: Zagreb/Zagreb
    name: Zagreb
    files:
    - osm.pbf
    - osm.gz
    - shp.zip
  Zuerich:
    id: Zuerich
    file: Zuerich/Zuerich
    name: Zuerich
    files:
    - osm.pbf
    - osm.gz
    - shp.zip
